"LOCATION","Country","TRANSACT","Transaction","MEASURE","Measure","TIME","Year","Unit Code","Unit","PowerCode Code","PowerCode","Reference Period Code","Reference Period","Value","Flag Codes","Flags"
"AUS","Australia","B1_GE","Gross domestic product (expenditure approach)","HCPC","Per head, current prices, current PPPs","2015","2015","USD","US Dollar","0","Units",,,47232.62912,,
"AUS","Australia","B1_GE","Gross domestic product (expenditure approach)","HCPC","Per head, current prices, current PPPs","2016","2016","USD","US Dollar","0","Units",,,50150.652199,,
"AUS","Australia","B1_GE","Gross domestic product (expenditure approach)","HCPC","Per head, current prices, current PPPs","2017","2017","USD","US Dollar","0","Units",,,50699.175108,,
"AUS","Australia","B1_GE","Gross domestic product (expenditure approach)","HCPC","Per head, current prices, current PPPs","2018","2018","USD","US Dollar","0","Units",,,52980.734327,,
"AUS","Australia","B1_GE","Gross domestic product (expenditure approach)","HCPC","Per head, current prices, current PPPs","2019","2019","USD","US Dollar","0","Units",,,52669.473903,,
"AUS","Australia","B1_GE","Gross domestic product (expenditure approach)","HCPC","Per head, current prices, current PPPs","2020","2020","USD","US Dollar","0","Units",,,55635.462558,,
"AUS","Australia","B1_GE","Gross domestic product (expenditure approach)","HCPC","Per head, current prices, current PPPs","2021","2021","USD","US Dollar","0","Units",,,61631.9388,"E","Estimated value"
"AUT","Austria","B1_GE","Gross domestic product (expenditure approach)","HCPC","Per head, current prices, current PPPs","2015","2015","USD","US Dollar","0","Units",,,49942.056293,,
"AUT","Austria","B1_GE","Gross domestic product (expenditure approach)","HCPC","Per head, current prices, current PPPs","2016","2016","USD","US Dollar","0","Units",,,52665.087457,,
"AUT","Austria","B1_GE","Gross domestic product (expenditure approach)","HCPC","Per head, current prices, current PPPs","2017","2017","USD","US Dollar","0","Units",,,54188.360666,,
"AUT","Austria","B1_GE","Gross domestic product (expenditure approach)","HCPC","Per head, current prices, current PPPs","2018","2018","USD","US Dollar","0","Units",,,56978.264771,,
"AUT","Austria","B1_GE","Gross domestic product (expenditure approach)","HCPC","Per head, current prices, current PPPs","2019","2019","USD","US Dollar","0","Units",,,58091.272285,,
"AUT","Austria","B1_GE","Gross domestic product (expenditure approach)","HCPC","Per head, current prices, current PPPs","2020","2020","USD","US Dollar","0","Units",,,55686.067736,,
"AUT","Austria","B1_GE","Gross domestic product (expenditure approach)","HCPC","Per head, current prices, current PPPs","2021","2021","USD","US Dollar","0","Units",,,58338.848817,,
"BEL","Belgium","B1_GE","Gross domestic product (expenditure approach)","HCPC","Per head, current prices, current PPPs","2015","2015","USD","US Dollar","0","Units",,,46201.685891,,
"BEL","Belgium","B1_GE","Gross domestic product (expenditure approach)","HCPC","Per head, current prices, current PPPs","2016","2016","USD","US Dollar","0","Units",,,48599.202676,,
"BEL","Belgium","B1_GE","Gross domestic product (expenditure approach)","HCPC","Per head, current prices, current PPPs","2017","2017","USD","US Dollar","0","Units",,,50442.947518,,
"BEL","Belgium","B1_GE","Gross domestic product (expenditure approach)","HCPC","Per head, current prices, current PPPs","2018","2018","USD","US Dollar","0","Units",,,52535.511671,,
"BEL","Belgium","B1_GE","Gross domestic product (expenditure approach)","HCPC","Per head, current prices, current PPPs","2019","2019","USD","US Dollar","0","Units",,,54278.264883,,
"BEL","Belgium","B1_GE","Gross domestic product (expenditure approach)","HCPC","Per head, current prices, current PPPs","2020","2020","USD","US Dollar","0","Units",,,53071.34083,"P","Provisional value"
"BEL","Belgium","B1_GE","Gross domestic product (expenditure approach)","HCPC","Per head, current prices, current PPPs","2021","2021","USD","US Dollar","0","Units",,,58925.223286,"P","Provisional value"
"CAN","Canada","B1_GE","Gross domestic product (expenditure approach)","HCPC","Per head, current prices, current PPPs","2015","2015","USD","US Dollar","0","Units",,,44670.054374,,
"CAN","Canada","B1_GE","Gross domestic product (expenditure approach)","HCPC","Per head, current prices, current PPPs","2016","2016","USD","US Dollar","0","Units",,,46472.368771,,
"CAN","Canada","B1_GE","Gross domestic product (expenditure approach)","HCPC","Per head, current prices, current PPPs","2017","2017","USD","US Dollar","0","Units",,,48317.191163,,
"CAN","Canada","B1_GE","Gross domestic product (expenditure approach)","HCPC","Per head, current prices, current PPPs","2018","2018","USD","US Dollar","0","Units",,,49892.028612,,
"CAN","Canada","B1_GE","Gross domestic product (expenditure approach)","HCPC","Per head, current prices, current PPPs","2019","2019","USD","US Dollar","0","Units",,,49286.811601,,
"CAN","Canada","B1_GE","Gross domestic product (expenditure approach)","HCPC","Per head, current prices, current PPPs","2020","2020","USD","US Dollar","0","Units",,,46572.141022,,
"CAN","Canada","B1_GE","Gross domestic product (expenditure approach)","HCPC","Per head, current prices, current PPPs","2021","2021","USD","US Dollar","0","Units",,,52021.596768,,
"CZE","Czech Republic","B1_GE","Gross domestic product (expenditure approach)","HCPC","Per head, current prices, current PPPs","2015","2015","USD","US Dollar","0","Units",,,33909.309243,,
"CZE","Czech Republic","B1_GE","Gross domestic product (expenditure approach)","HCPC","Per head, current prices, current PPPs","2016","2016","USD","US Dollar","0","Units",,,36101.285601,,
"CZE","Czech Republic","B1_GE","Gross domestic product (expenditure approach)","HCPC","Per head, current prices, current PPPs","2017","2017","USD","US Dollar","0","Units",,,38842.896268,,
"CZE","Czech Republic","B1_GE","Gross domestic product (expenditure approach)","HCPC","Per head, current prices, current PPPs","2018","2018","USD","US Dollar","0","Units",,,41157.370409,,
"CZE","Czech Republic","B1_GE","Gross domestic product (expenditure approach)","HCPC","Per head, current prices, current PPPs","2019","2019","USD","US Dollar","0","Units",,,42865.741123,,
"CZE","Czech Republic","B1_GE","Gross domestic product (expenditure approach)","HCPC","Per head, current prices, current PPPs","2020","2020","USD","US Dollar","0","Units",,,41706.802061,,
"CZE","Czech Republic","B1_GE","Gross domestic product (expenditure approach)","HCPC","Per head, current prices, current PPPs","2021","2021","USD","US Dollar","0","Units",,,44197.925718,,
"DNK","Denmark","B1_GE","Gross domestic product (expenditure approach)","HCPC","Per head, current prices, current PPPs","2015","2015","USD","US Dollar","0","Units",,,49058.142344,,
"DNK","Denmark","B1_GE","Gross domestic product (expenditure approach)","HCPC","Per head, current prices, current PPPs","2016","2016","USD","US Dollar","0","Units",,,51967.020438,,
"DNK","Denmark","B1_GE","Gross domestic product (expenditure approach)","HCPC","Per head, current prices, current PPPs","2017","2017","USD","US Dollar","0","Units",,,55356.49009,,
"DNK","Denmark","B1_GE","Gross domestic product (expenditure approach)","HCPC","Per head, current prices, current PPPs","2018","2018","USD","US Dollar","0","Units",,,57479.350221,,
"DNK","Denmark","B1_GE","Gross domestic product (expenditure approach)","HCPC","Per head, current prices, current PPPs","2019","2019","USD","US Dollar","0","Units",,,58495.572023,,
"DNK","Denmark","B1_GE","Gross domestic product (expenditure approach)","HCPC","Per head, current prices, current PPPs","2020","2020","USD","US Dollar","0","Units",,,60098.509912,,
"DNK","Denmark","B1_GE","Gross domestic product (expenditure approach)","HCPC","Per head, current prices, current PPPs","2021","2021","USD","US Dollar","0","Units",,,64876.683301,,
"FIN","Finland","B1_GE","Gross domestic product (expenditure approach)","HCPC","Per head, current prices, current PPPs","2015","2015","USD","US Dollar","0","Units",,,42490.211049,,
"FIN","Finland","B1_GE","Gross domestic product (expenditure approach)","HCPC","Per head, current prices, current PPPs","2016","2016","USD","US Dollar","0","Units",,,44934.488245,,
"FIN","Finland","B1_GE","Gross domestic product (expenditure approach)","HCPC","Per head, current prices, current PPPs","2017","2017","USD","US Dollar","0","Units",,,47570.270354,,
"FIN","Finland","B1_GE","Gross domestic product (expenditure approach)","HCPC","Per head, current prices, current PPPs","2018","2018","USD","US Dollar","0","Units",,,49573.255773,,
"FIN","Finland","B1_GE","Gross domestic product (expenditure approach)","HCPC","Per head, current prices, current PPPs","2019","2019","USD","US Dollar","0","Units",,,50322.84765,,
"FIN","Finland","B1_GE","Gross domestic product (expenditure approach)","HCPC","Per head, current prices, current PPPs","2020","2020","USD","US Dollar","0","Units",,,50924.767502,,
"FIN","Finland","B1_GE","Gross domestic product (expenditure approach)","HCPC","Per head, current prices, current PPPs","2021","2021","USD","US Dollar","0","Units",,,54681.714503,,
"FRA","France","B1_GE","Gross domestic product (expenditure approach)","HCPC","Per head, current prices, current PPPs","2015","2015","USD","US Dollar","0","Units",,,40829.893311,,
"FRA","France","B1_GE","Gross domestic product (expenditure approach)","HCPC","Per head, current prices, current PPPs","2016","2016","USD","US Dollar","0","Units",,,42855.944562,,
"FRA","France","B1_GE","Gross domestic product (expenditure approach)","HCPC","Per head, current prices, current PPPs","2017","2017","USD","US Dollar","0","Units",,,44445.59677,,
"FRA","France","B1_GE","Gross domestic product (expenditure approach)","HCPC","Per head, current prices, current PPPs","2018","2018","USD","US Dollar","0","Units",,,46336.933985,,
"FRA","France","B1_GE","Gross domestic product (expenditure approach)","HCPC","Per head, current prices, current PPPs","2019","2019","USD","US Dollar","0","Units",,,48700.802342,"P","Provisional value"
"FRA","France","B1_GE","Gross domestic product (expenditure approach)","HCPC","Per head, current prices, current PPPs","2020","2020","USD","US Dollar","0","Units",,,46713.800171,"P","Provisional value"
"FRA","France","B1_GE","Gross domestic product (expenditure approach)","HCPC","Per head, current prices, current PPPs","2021","2021","USD","US Dollar","0","Units",,,50543.711372,"P","Provisional value"
"DEU","Germany","B1_GE","Gross domestic product (expenditure approach)","HCPC","Per head, current prices, current PPPs","2015","2015","USD","US Dollar","0","Units",,,47609.557159,,
"DEU","Germany","B1_GE","Gross domestic product (expenditure approach)","HCPC","Per head, current prices, current PPPs","2016","2016","USD","US Dollar","0","Units",,,50579.483717,,
"DEU","Germany","B1_GE","Gross domestic product (expenditure approach)","HCPC","Per head, current prices, current PPPs","2017","2017","USD","US Dollar","0","Units",,,53071.478374,,
"DEU","Germany","B1_GE","Gross domestic product (expenditure approach)","HCPC","Per head, current prices, current PPPs","2018","2018","USD","US Dollar","0","Units",,,55235.247726,"P","Provisional value"
"DEU","Germany","B1_GE","Gross domestic product (expenditure approach)","HCPC","Per head, current prices, current PPPs","2019","2019","USD","US Dollar","0","Units",,,55652.877823,"P","Provisional value"
"DEU","Germany","B1_GE","Gross domestic product (expenditure approach)","HCPC","Per head, current prices, current PPPs","2020","2020","USD","US Dollar","0","Units",,,54844.447231,"P","Provisional value"
"DEU","Germany","B1_GE","Gross domestic product (expenditure approach)","HCPC","Per head, current prices, current PPPs","2021","2021","USD","US Dollar","0","Units",,,57880.471333,"P","Provisional value"
"GRC","Greece","B1_GE","Gross domestic product (expenditure approach)","HCPC","Per head, current prices, current PPPs","2015","2015","USD","US Dollar","0","Units",,,26760.152201,,
"GRC","Greece","B1_GE","Gross domestic product (expenditure approach)","HCPC","Per head, current prices, current PPPs","2016","2016","USD","US Dollar","0","Units",,,27511.777671,,
"GRC","Greece","B1_GE","Gross domestic product (expenditure approach)","HCPC","Per head, current prices, current PPPs","2017","2017","USD","US Dollar","0","Units",,,28604.794575,,
"GRC","Greece","B1_GE","Gross domestic product (expenditure approach)","HCPC","Per head, current prices, current PPPs","2018","2018","USD","US Dollar","0","Units",,,29617.499309,,
"GRC","Greece","B1_GE","Gross domestic product (expenditure approach)","HCPC","Per head, current prices, current PPPs","2019","2019","USD","US Dollar","0","Units",,,30356.302549,"P","Provisional value"
"GRC","Greece","B1_GE","Gross domestic product (expenditure approach)","HCPC","Per head, current prices, current PPPs","2020","2020","USD","US Dollar","0","Units",,,27923.999993,"P","Provisional value"
"GRC","Greece","B1_GE","Gross domestic product (expenditure approach)","HCPC","Per head, current prices, current PPPs","2021","2021","USD","US Dollar","0","Units",,,31281.571731,"P","Provisional value"
"SVK","Slovak Republic","B1_GE","Gross domestic product (expenditure approach)","HCPC","Per head, current prices, current PPPs","2015","2015","USD","US Dollar","0","Units",,,29972.9225,,
"SVK","Slovak Republic","B1_GE","Gross domestic product (expenditure approach)","HCPC","Per head, current prices, current PPPs","2016","2016","USD","US Dollar","0","Units",,,29645.701303,,
"SVK","Slovak Republic","B1_GE","Gross domestic product (expenditure approach)","HCPC","Per head, current prices, current PPPs","2017","2017","USD","US Dollar","0","Units",,,30066.187534,,
"SVK","Slovak Republic","B1_GE","Gross domestic product (expenditure approach)","HCPC","Per head, current prices, current PPPs","2018","2018","USD","US Dollar","0","Units",,,31218.960027,,
"SVK","Slovak Republic","B1_GE","Gross domestic product (expenditure approach)","HCPC","Per head, current prices, current PPPs","2019","2019","USD","US Dollar","0","Units",,,31971.867433,,
"SVK","Slovak Republic","B1_GE","Gross domestic product (expenditure approach)","HCPC","Per head, current prices, current PPPs","2020","2020","USD","US Dollar","0","Units",,,31346.275873,,
"SVK","Slovak Republic","B1_GE","Gross domestic product (expenditure approach)","HCPC","Per head, current prices, current PPPs","2021","2021","USD","US Dollar","0","Units",,,32986.812105,,
"ESP","Spain","B1_GE","Gross domestic product (expenditure approach)","HCPC","Per head, current prices, current PPPs","2015","2015","USD","US Dollar","0","Units",,,34929.20969,,
"ESP","Spain","B1_GE","Gross domestic product (expenditure approach)","HCPC","Per head, current prices, current PPPs","2016","2016","USD","US Dollar","0","Units",,,37313.634913,,
"ESP","Spain","B1_GE","Gross domestic product (expenditure approach)","HCPC","Per head, current prices, current PPPs","2017","2017","USD","US Dollar","0","Units",,,39580.188366,,
"ESP","Spain","B1_GE","Gross domestic product (expenditure approach)","HCPC","Per head, current prices, current PPPs","2018","2018","USD","US Dollar","0","Units",,,40756.445269,,
"ESP","Spain","B1_GE","Gross domestic product (expenditure approach)","HCPC","Per head, current prices, current PPPs","2019","2019","USD","US Dollar","0","Units",,,41721.222195,"P","Provisional value"
"ESP","Spain","B1_GE","Gross domestic product (expenditure approach)","HCPC","Per head, current prices, current PPPs","2020","2020","USD","US Dollar","0","Units",,,37764.086581,"P","Provisional value"
"ESP","Spain","B1_GE","Gross domestic product (expenditure approach)","HCPC","Per head, current prices, current PPPs","2021","2021","USD","US Dollar","0","Units",,,40775.352596,"P","Provisional value"
"CHE","Switzerland","B1_GE","Gross domestic product (expenditure approach)","HCPC","Per head, current prices, current PPPs","2015","2015","USD","US Dollar","0","Units",,,66020.20952,,
"CHE","Switzerland","B1_GE","Gross domestic product (expenditure approach)","HCPC","Per head, current prices, current PPPs","2016","2016","USD","US Dollar","0","Units",,,68105.138178,,
"CHE","Switzerland","B1_GE","Gross domestic product (expenditure approach)","HCPC","Per head, current prices, current PPPs","2017","2017","USD","US Dollar","0","Units",,,69103.567686,,
"CHE","Switzerland","B1_GE","Gross domestic product (expenditure approach)","HCPC","Per head, current prices, current PPPs","2018","2018","USD","US Dollar","0","Units",,,71660.23286,,
"CHE","Switzerland","B1_GE","Gross domestic product (expenditure approach)","HCPC","Per head, current prices, current PPPs","2019","2019","USD","US Dollar","0","Units",,,72033.948683,,
"CHE","Switzerland","B1_GE","Gross domestic product (expenditure approach)","HCPC","Per head, current prices, current PPPs","2020","2020","USD","US Dollar","0","Units",,,71731.951611,,
"CHE","Switzerland","B1_GE","Gross domestic product (expenditure approach)","HCPC","Per head, current prices, current PPPs","2021","2021","USD","US Dollar","0","Units",,,77235.961977,"P","Provisional value"
"GBR","United Kingdom","B1_GE","Gross domestic product (expenditure approach)","HCPC","Per head, current prices, current PPPs","2015","2015","USD","US Dollar","0","Units",,,42916.969653,,
"GBR","United Kingdom","B1_GE","Gross domestic product (expenditure approach)","HCPC","Per head, current prices, current PPPs","2016","2016","USD","US Dollar","0","Units",,,44610.565649,,
"GBR","United Kingdom","B1_GE","Gross domestic product (expenditure approach)","HCPC","Per head, current prices, current PPPs","2017","2017","USD","US Dollar","0","Units",,,46385.63354,,
"GBR","United Kingdom","B1_GE","Gross domestic product (expenditure approach)","HCPC","Per head, current prices, current PPPs","2018","2018","USD","US Dollar","0","Units",,,47590.888987,,
"GBR","United Kingdom","B1_GE","Gross domestic product (expenditure approach)","HCPC","Per head, current prices, current PPPs","2019","2019","USD","US Dollar","0","Units",,,49070.333125,,
"GBR","United Kingdom","B1_GE","Gross domestic product (expenditure approach)","HCPC","Per head, current prices, current PPPs","2020","2020","USD","US Dollar","0","Units",,,46526.879586,,
"GBR","United Kingdom","B1_GE","Gross domestic product (expenditure approach)","HCPC","Per head, current prices, current PPPs","2021","2021","USD","US Dollar","0","Units",,,49524.925097,,
"CHN","China (People's Republic of)","B1_GE","Gross domestic product (expenditure approach)","HCPC","Per head, current prices, current PPPs","2015","2015","USD","US Dollar","0","Units",,,12865.800384,,
"CHN","China (People's Republic of)","B1_GE","Gross domestic product (expenditure approach)","HCPC","Per head, current prices, current PPPs","2016","2016","USD","US Dollar","0","Units",,,13439.508987,,
"CHN","China (People's Republic of)","B1_GE","Gross domestic product (expenditure approach)","HCPC","Per head, current prices, current PPPs","2017","2017","USD","US Dollar","0","Units",,,14203.909059,,
"CHN","China (People's Republic of)","B1_GE","Gross domestic product (expenditure approach)","HCPC","Per head, current prices, current PPPs","2018","2018","USD","US Dollar","0","Units",,,15466.329982,,
"CHN","China (People's Republic of)","B1_GE","Gross domestic product (expenditure approach)","HCPC","Per head, current prices, current PPPs","2019","2019","USD","US Dollar","0","Units",,,16697.82748,,
"CHN","China (People's Republic of)","B1_GE","Gross domestic product (expenditure approach)","HCPC","Per head, current prices, current PPPs","2020","2020","USD","US Dollar","0","Units",,,17217.860325,,
"COL","Colombia","B1_GE","Gross domestic product (expenditure approach)","HCPC","Per head, current prices, current PPPs","2015","2015","USD","US Dollar","0","Units",,,13330.562044,,
"COL","Colombia","B1_GE","Gross domestic product (expenditure approach)","HCPC","Per head, current prices, current PPPs","2016","2016","USD","US Dollar","0","Units",,,14054.69606,,
"COL","Colombia","B1_GE","Gross domestic product (expenditure approach)","HCPC","Per head, current prices, current PPPs","2017","2017","USD","US Dollar","0","Units",,,14479.812544,,
"COL","Colombia","B1_GE","Gross domestic product (expenditure approach)","HCPC","Per head, current prices, current PPPs","2018","2018","USD","US Dollar","0","Units",,,15439.041412,,
"COL","Colombia","B1_GE","Gross domestic product (expenditure approach)","HCPC","Per head, current prices, current PPPs","2019","2019","USD","US Dollar","0","Units",,,16130.847299,,
"COL","Colombia","B1_GE","Gross domestic product (expenditure approach)","HCPC","Per head, current prices, current PPPs","2020","2020","USD","US Dollar","0","Units",,,15306.341722,"P","Provisional value"
"COL","Colombia","B1_GE","Gross domestic product (expenditure approach)","HCPC","Per head, current prices, current PPPs","2021","2021","USD","US Dollar","0","Units",,,17341.848136,"E","Estimated value"
"PRT","Portugal","B1_GE","Gross domestic product (expenditure approach)","HCPC","Per head, current prices, current PPPs","2015","2015","USD","US Dollar","0","Units",,,29660.845901,,
"PRT","Portugal","B1_GE","Gross domestic product (expenditure approach)","HCPC","Per head, current prices, current PPPs","2016","2016","USD","US Dollar","0","Units",,,31607.610185,,
"PRT","Portugal","B1_GE","Gross domestic product (expenditure approach)","HCPC","Per head, current prices, current PPPs","2017","2017","USD","US Dollar","0","Units",,,33044.70015,,
"PRT","Portugal","B1_GE","Gross domestic product (expenditure approach)","HCPC","Per head, current prices, current PPPs","2018","2018","USD","US Dollar","0","Units",,,34928.61899,,
"PRT","Portugal","B1_GE","Gross domestic product (expenditure approach)","HCPC","Per head, current prices, current PPPs","2019","2019","USD","US Dollar","0","Units",,,36171.964841,,
"PRT","Portugal","B1_GE","Gross domestic product (expenditure approach)","HCPC","Per head, current prices, current PPPs","2020","2020","USD","US Dollar","0","Units",,,34177.019943,"P","Provisional value"
"PRT","Portugal","B1_GE","Gross domestic product (expenditure approach)","HCPC","Per head, current prices, current PPPs","2021","2021","USD","US Dollar","0","Units",,,35914.440547,"P","Provisional value"
"POL","Poland","B1_GE","Gross domestic product (expenditure approach)","HCPC","Per head, current prices, current PPPs","2015","2015","USD","US Dollar","0","Units",,,26534.723216,,
"POL","Poland","B1_GE","Gross domestic product (expenditure approach)","HCPC","Per head, current prices, current PPPs","2016","2016","USD","US Dollar","0","Units",,,27985.340009,,
"POL","Poland","B1_GE","Gross domestic product (expenditure approach)","HCPC","Per head, current prices, current PPPs","2017","2017","USD","US Dollar","0","Units",,,29714.590984,,
"POL","Poland","B1_GE","Gross domestic product (expenditure approach)","HCPC","Per head, current prices, current PPPs","2018","2018","USD","US Dollar","0","Units",,,31588.493559,,
"POL","Poland","B1_GE","Gross domestic product (expenditure approach)","HCPC","Per head, current prices, current PPPs","2019","2019","USD","US Dollar","0","Units",,,33427.503432,,
"POL","Poland","B1_GE","Gross domestic product (expenditure approach)","HCPC","Per head, current prices, current PPPs","2020","2020","USD","US Dollar","0","Units",,,34059.98442,,
"POL","Poland","B1_GE","Gross domestic product (expenditure approach)","HCPC","Per head, current prices, current PPPs","2021","2021","USD","US Dollar","0","Units",,,37400.262349,,
"KOR","Korea","B1_GE","Gross domestic product (expenditure approach)","HCPC","Per head, current prices, current PPPs","2015","2015","USD","US Dollar","0","Units",,,37902.361018,,
"KOR","Korea","B1_GE","Gross domestic product (expenditure approach)","HCPC","Per head, current prices, current PPPs","2016","2016","USD","US Dollar","0","Units",,,39575.302078,,
"KOR","Korea","B1_GE","Gross domestic product (expenditure approach)","HCPC","Per head, current prices, current PPPs","2017","2017","USD","US Dollar","0","Units",,,40957.347064,,
"KOR","Korea","B1_GE","Gross domestic product (expenditure approach)","HCPC","Per head, current prices, current PPPs","2018","2018","USD","US Dollar","0","Units",,,43025.990397,,
"KOR","Korea","B1_GE","Gross domestic product (expenditure approach)","HCPC","Per head, current prices, current PPPs","2019","2019","USD","US Dollar","0","Units",,,43044.8068,,
"KOR","Korea","B1_GE","Gross domestic product (expenditure approach)","HCPC","Per head, current prices, current PPPs","2020","2020","USD","US Dollar","0","Units",,,45274.090605,"P","Provisional value"
"KOR","Korea","B1_GE","Gross domestic product (expenditure approach)","HCPC","Per head, current prices, current PPPs","2021","2021","USD","US Dollar","0","Units",,,46731.416375,"E","Estimated value"
"ITA","Italy","B1_GE","Gross domestic product (expenditure approach)","HCPC","Per head, current prices, current PPPs","2015","2015","USD","US Dollar","0","Units",,,37206.331822,,
"ITA","Italy","B1_GE","Gross domestic product (expenditure approach)","HCPC","Per head, current prices, current PPPs","2016","2016","USD","US Dollar","0","Units",,,40267.222623,,
"ITA","Italy","B1_GE","Gross domestic product (expenditure approach)","HCPC","Per head, current prices, current PPPs","2017","2017","USD","US Dollar","0","Units",,,41951.466331,,
"ITA","Italy","B1_GE","Gross domestic product (expenditure approach)","HCPC","Per head, current prices, current PPPs","2018","2018","USD","US Dollar","0","Units",,,43427.663143,,
"ITA","Italy","B1_GE","Gross domestic product (expenditure approach)","HCPC","Per head, current prices, current PPPs","2019","2019","USD","US Dollar","0","Units",,,44376.174443,,
"ITA","Italy","B1_GE","Gross domestic product (expenditure approach)","HCPC","Per head, current prices, current PPPs","2020","2020","USD","US Dollar","0","Units",,,41995.337395,,
"ITA","Italy","B1_GE","Gross domestic product (expenditure approach)","HCPC","Per head, current prices, current PPPs","2021","2021","USD","US Dollar","0","Units",,,45902.22894,,
"EST","Estonia","B1_GE","Gross domestic product (expenditure approach)","HCPC","Per head, current prices, current PPPs","2015","2015","USD","US Dollar","0","Units",,,29222.748082,,
"EST","Estonia","B1_GE","Gross domestic product (expenditure approach)","HCPC","Per head, current prices, current PPPs","2016","2016","USD","US Dollar","0","Units",,,31310.152103,,
"EST","Estonia","B1_GE","Gross domestic product (expenditure approach)","HCPC","Per head, current prices, current PPPs","2017","2017","USD","US Dollar","0","Units",,,33867.803542,,
"EST","Estonia","B1_GE","Gross domestic product (expenditure approach)","HCPC","Per head, current prices, current PPPs","2018","2018","USD","US Dollar","0","Units",,,36327.527923,,
"EST","Estonia","B1_GE","Gross domestic product (expenditure approach)","HCPC","Per head, current prices, current PPPs","2019","2019","USD","US Dollar","0","Units",,,37909.467474,,
"EST","Estonia","B1_GE","Gross domestic product (expenditure approach)","HCPC","Per head, current prices, current PPPs","2020","2020","USD","US Dollar","0","Units",,,37659.452305,,
"EST","Estonia","B1_GE","Gross domestic product (expenditure approach)","HCPC","Per head, current prices, current PPPs","2021","2021","USD","US Dollar","0","Units",,,42185.012177,,
"CHL","Chile","B1_GE","Gross domestic product (expenditure approach)","HCPC","Per head, current prices, current PPPs","2015","2015","USD","US Dollar","0","Units",,,22694.196094,,
"CHL","Chile","B1_GE","Gross domestic product (expenditure approach)","HCPC","Per head, current prices, current PPPs","2016","2016","USD","US Dollar","0","Units",,,23482.692919,,
"CHL","Chile","B1_GE","Gross domestic product (expenditure approach)","HCPC","Per head, current prices, current PPPs","2017","2017","USD","US Dollar","0","Units",,,24525.456347,,
"CHL","Chile","B1_GE","Gross domestic product (expenditure approach)","HCPC","Per head, current prices, current PPPs","2018","2018","USD","US Dollar","0","Units",,,25679.541086,,
"CHL","Chile","B1_GE","Gross domestic product (expenditure approach)","HCPC","Per head, current prices, current PPPs","2019","2019","USD","US Dollar","0","Units",,,25189.926179,,
"CHL","Chile","B1_GE","Gross domestic product (expenditure approach)","HCPC","Per head, current prices, current PPPs","2020","2020","USD","US Dollar","0","Units",,,24689.386781,,
"OECD","OECD - Total","B1_GE","Gross domestic product (expenditure approach)","HCPC","Per head, current prices, current PPPs","2015","2015","USD","US Dollar","0","Units",,,40470.003933,,
"OECD","OECD - Total","B1_GE","Gross domestic product (expenditure approach)","HCPC","Per head, current prices, current PPPs","2016","2016","USD","US Dollar","0","Units",,,41889.107871,,
"OECD","OECD - Total","B1_GE","Gross domestic product (expenditure approach)","HCPC","Per head, current prices, current PPPs","2017","2017","USD","US Dollar","0","Units",,,43489.31381,,
"OECD","OECD - Total","B1_GE","Gross domestic product (expenditure approach)","HCPC","Per head, current prices, current PPPs","2018","2018","USD","US Dollar","0","Units",,,45188.663062,"P","Provisional value"
"OECD","OECD - Total","B1_GE","Gross domestic product (expenditure approach)","HCPC","Per head, current prices, current PPPs","2019","2019","USD","US Dollar","0","Units",,,46107.358259,"P","Provisional value"
"OECD","OECD - Total","B1_GE","Gross domestic product (expenditure approach)","HCPC","Per head, current prices, current PPPs","2020","2020","USD","US Dollar","0","Units",,,45032.874492,"E","Estimated value"
"OECD","OECD - Total","B1_GE","Gross domestic product (expenditure approach)","HCPC","Per head, current prices, current PPPs","2021","2021","USD","US Dollar","0","Units",,,48750.09458,"E","Estimated value"
"IND","India","B1_GE","Gross domestic product (expenditure approach)","HCPC","Per head, current prices, current PPPs","2015","2015","USD","US Dollar","0","Units",,,5580.513112,,
"IND","India","B1_GE","Gross domestic product (expenditure approach)","HCPC","Per head, current prices, current PPPs","2016","2016","USD","US Dollar","0","Units",,,5954.581745,,
"IND","India","B1_GE","Gross domestic product (expenditure approach)","HCPC","Per head, current prices, current PPPs","2017","2017","USD","US Dollar","0","Units",,,6299.036721,,
"IND","India","B1_GE","Gross domestic product (expenditure approach)","HCPC","Per head, current prices, current PPPs","2018","2018","USD","US Dollar","0","Units",,,6793.930695,,
"IND","India","B1_GE","Gross domestic product (expenditure approach)","HCPC","Per head, current prices, current PPPs","2019","2019","USD","US Dollar","0","Units",,,7201.553849,,
"RUS","Russia","B1_GE","Gross domestic product (expenditure approach)","HCPC","Per head, current prices, current PPPs","2015","2015","USD","US Dollar","0","Units",,,24085.312853,,
"RUS","Russia","B1_GE","Gross domestic product (expenditure approach)","HCPC","Per head, current prices, current PPPs","2016","2016","USD","US Dollar","0","Units",,,24128.081806,,
"RUS","Russia","B1_GE","Gross domestic product (expenditure approach)","HCPC","Per head, current prices, current PPPs","2017","2017","USD","US Dollar","0","Units",,,25926.431403,,
"RUS","Russia","B1_GE","Gross domestic product (expenditure approach)","HCPC","Per head, current prices, current PPPs","2018","2018","USD","US Dollar","0","Units",,,28821.242897,,
"RUS","Russia","B1_GE","Gross domestic product (expenditure approach)","HCPC","Per head, current prices, current PPPs","2019","2019","USD","US Dollar","0","Units",,,29967.119348,,
"RUS","Russia","B1_GE","Gross domestic product (expenditure approach)","HCPC","Per head, current prices, current PPPs","2020","2020","USD","US Dollar","0","Units",,,29819.046969,"E","Estimated value"
"ISR","Israel","B1_GE","Gross domestic product (expenditure approach)","HCPC","Per head, current prices, current PPPs","2015","2015","USD","US Dollar","0","Units",,,35482.650947,,
"ISR","Israel","B1_GE","Gross domestic product (expenditure approach)","HCPC","Per head, current prices, current PPPs","2016","2016","USD","US Dollar","0","Units",,,37854.845318,,
"ISR","Israel","B1_GE","Gross domestic product (expenditure approach)","HCPC","Per head, current prices, current PPPs","2017","2017","USD","US Dollar","0","Units",,,39137.375997,,
"ISR","Israel","B1_GE","Gross domestic product (expenditure approach)","HCPC","Per head, current prices, current PPPs","2018","2018","USD","US Dollar","0","Units",,,39914.217473,,
"ISR","Israel","B1_GE","Gross domestic product (expenditure approach)","HCPC","Per head, current prices, current PPPs","2019","2019","USD","US Dollar","0","Units",,,40020.387326,,
"ISR","Israel","B1_GE","Gross domestic product (expenditure approach)","HCPC","Per head, current prices, current PPPs","2020","2020","USD","US Dollar","0","Units",,,39492.618348,,
"ISR","Israel","B1_GE","Gross domestic product (expenditure approach)","HCPC","Per head, current prices, current PPPs","2021","2021","USD","US Dollar","0","Units",,,43712.289525,"E","Estimated value"
"NZL","New Zealand","B1_GE","Gross domestic product (expenditure approach)","HCPC","Per head, current prices, current PPPs","2015","2015","USD","US Dollar","0","Units",,,37246.951138,,
"NZL","New Zealand","B1_GE","Gross domestic product (expenditure approach)","HCPC","Per head, current prices, current PPPs","2016","2016","USD","US Dollar","0","Units",,,39696.946073,,
"NZL","New Zealand","B1_GE","Gross domestic product (expenditure approach)","HCPC","Per head, current prices, current PPPs","2017","2017","USD","US Dollar","0","Units",,,42008.211082,,
"NZL","New Zealand","B1_GE","Gross domestic product (expenditure approach)","HCPC","Per head, current prices, current PPPs","2018","2018","USD","US Dollar","0","Units",,,42334.17358,,
"NZL","New Zealand","B1_GE","Gross domestic product (expenditure approach)","HCPC","Per head, current prices, current PPPs","2019","2019","USD","US Dollar","0","Units",,,45251.266802,,
"NZL","New Zealand","B1_GE","Gross domestic product (expenditure approach)","HCPC","Per head, current prices, current PPPs","2020","2020","USD","US Dollar","0","Units",,,44698.274404,,
"NZL","New Zealand","B1_GE","Gross domestic product (expenditure approach)","HCPC","Per head, current prices, current PPPs","2021","2021","USD","US Dollar","0","Units",,,46388.713365,"E","Estimated value"
"HUN","Hungary","B1_GE","Gross domestic product (expenditure approach)","HCPC","Per head, current prices, current PPPs","2015","2015","USD","US Dollar","0","Units",,,26806.595306,,
"HUN","Hungary","B1_GE","Gross domestic product (expenditure approach)","HCPC","Per head, current prices, current PPPs","2016","2016","USD","US Dollar","0","Units",,,27947.637585,,
"HUN","Hungary","B1_GE","Gross domestic product (expenditure approach)","HCPC","Per head, current prices, current PPPs","2017","2017","USD","US Dollar","0","Units",,,29501.120486,,
"HUN","Hungary","B1_GE","Gross domestic product (expenditure approach)","HCPC","Per head, current prices, current PPPs","2018","2018","USD","US Dollar","0","Units",,,31913.074632,,
"HUN","Hungary","B1_GE","Gross domestic product (expenditure approach)","HCPC","Per head, current prices, current PPPs","2019","2019","USD","US Dollar","0","Units",,,33514.94177,,
"HUN","Hungary","B1_GE","Gross domestic product (expenditure approach)","HCPC","Per head, current prices, current PPPs","2020","2020","USD","US Dollar","0","Units",,,33274.347589,"P","Provisional value"
"HUN","Hungary","B1_GE","Gross domestic product (expenditure approach)","HCPC","Per head, current prices, current PPPs","2021","2021","USD","US Dollar","0","Units",,,36751.739602,"P","Provisional value"
"IDN","Indonesia","B1_GE","Gross domestic product (expenditure approach)","HCPC","Per head, current prices, current PPPs","2015","2015","USD","US Dollar","0","Units",,,10364.397282,,
"IDN","Indonesia","B1_GE","Gross domestic product (expenditure approach)","HCPC","Per head, current prices, current PPPs","2016","2016","USD","US Dollar","0","Units",,,10610.141435,,
"IDN","Indonesia","B1_GE","Gross domestic product (expenditure approach)","HCPC","Per head, current prices, current PPPs","2017","2017","USD","US Dollar","0","Units",,,11050.882373,,
"MEX","Mexico","B1_GE","Gross domestic product (expenditure approach)","HCPC","Per head, current prices, current PPPs","2015","2015","USD","US Dollar","0","Units",,,18454.801482,,
"MEX","Mexico","B1_GE","Gross domestic product (expenditure approach)","HCPC","Per head, current prices, current PPPs","2016","2016","USD","US Dollar","0","Units",,,19516.145022,,
"MEX","Mexico","B1_GE","Gross domestic product (expenditure approach)","HCPC","Per head, current prices, current PPPs","2017","2017","USD","US Dollar","0","Units",,,19947.197691,,
"MEX","Mexico","B1_GE","Gross domestic product (expenditure approach)","HCPC","Per head, current prices, current PPPs","2018","2018","USD","US Dollar","0","Units",,,20354.829507,,
"MEX","Mexico","B1_GE","Gross domestic product (expenditure approach)","HCPC","Per head, current prices, current PPPs","2019","2019","USD","US Dollar","0","Units",,,20145.644354,"P","Provisional value"
"MEX","Mexico","B1_GE","Gross domestic product (expenditure approach)","HCPC","Per head, current prices, current PPPs","2020","2020","USD","US Dollar","0","Units",,,18962.568201,"P","Provisional value"
"MEX","Mexico","B1_GE","Gross domestic product (expenditure approach)","HCPC","Per head, current prices, current PPPs","2021","2021","USD","US Dollar","0","Units",,,20386.907843,"E","Estimated value"
"LUX","Luxembourg","B1_GE","Gross domestic product (expenditure approach)","HCPC","Per head, current prices, current PPPs","2015","2015","USD","US Dollar","0","Units",,,107898.304236,,
"LUX","Luxembourg","B1_GE","Gross domestic product (expenditure approach)","HCPC","Per head, current prices, current PPPs","2016","2016","USD","US Dollar","0","Units",,,112955.470175,,
"LUX","Luxembourg","B1_GE","Gross domestic product (expenditure approach)","HCPC","Per head, current prices, current PPPs","2017","2017","USD","US Dollar","0","Units",,,114862.528755,,
"LUX","Luxembourg","B1_GE","Gross domestic product (expenditure approach)","HCPC","Per head, current prices, current PPPs","2018","2018","USD","US Dollar","0","Units",,,116801.142101,,
"LUX","Luxembourg","B1_GE","Gross domestic product (expenditure approach)","HCPC","Per head, current prices, current PPPs","2019","2019","USD","US Dollar","0","Units",,,117058.928146,,
"LUX","Luxembourg","B1_GE","Gross domestic product (expenditure approach)","HCPC","Per head, current prices, current PPPs","2020","2020","USD","US Dollar","0","Units",,,117721.247087,,
"LUX","Luxembourg","B1_GE","Gross domestic product (expenditure approach)","HCPC","Per head, current prices, current PPPs","2021","2021","USD","US Dollar","0","Units",,,134340.373726,,
"IRL","Ireland","B1_GE","Gross domestic product (expenditure approach)","HCPC","Per head, current prices, current PPPs","2015","2015","USD","US Dollar","0","Units",,,69119.645051,,
"IRL","Ireland","B1_GE","Gross domestic product (expenditure approach)","HCPC","Per head, current prices, current PPPs","2016","2016","USD","US Dollar","0","Units",,,71594.095685,,
"IRL","Ireland","B1_GE","Gross domestic product (expenditure approach)","HCPC","Per head, current prices, current PPPs","2017","2017","USD","US Dollar","0","Units",,,77831.992783,,
"IRL","Ireland","B1_GE","Gross domestic product (expenditure approach)","HCPC","Per head, current prices, current PPPs","2018","2018","USD","US Dollar","0","Units",,,84671.527633,,
"IRL","Ireland","B1_GE","Gross domestic product (expenditure approach)","HCPC","Per head, current prices, current PPPs","2019","2019","USD","US Dollar","0","Units",,,87506.778434,,
"IRL","Ireland","B1_GE","Gross domestic product (expenditure approach)","HCPC","Per head, current prices, current PPPs","2020","2020","USD","US Dollar","0","Units",,,93450.374199,,
"IRL","Ireland","B1_GE","Gross domestic product (expenditure approach)","HCPC","Per head, current prices, current PPPs","2021","2021","USD","US Dollar","0","Units",,,106659.463928,,
"JPN","Japan","B1_GE","Gross domestic product (expenditure approach)","HCPC","Per head, current prices, current PPPs","2015","2015","USD","US Dollar","0","Units",,,40908.781547,,
"JPN","Japan","B1_GE","Gross domestic product (expenditure approach)","HCPC","Per head, current prices, current PPPs","2016","2016","USD","US Dollar","0","Units",,,40642.704531,,
"JPN","Japan","B1_GE","Gross domestic product (expenditure approach)","HCPC","Per head, current prices, current PPPs","2017","2017","USD","US Dollar","0","Units",,,41531.221619,,
"JPN","Japan","B1_GE","Gross domestic product (expenditure approach)","HCPC","Per head, current prices, current PPPs","2018","2018","USD","US Dollar","0","Units",,,42239.050068,,
"JPN","Japan","B1_GE","Gross domestic product (expenditure approach)","HCPC","Per head, current prices, current PPPs","2019","2019","USD","US Dollar","0","Units",,,42438.755946,,
"JPN","Japan","B1_GE","Gross domestic product (expenditure approach)","HCPC","Per head, current prices, current PPPs","2020","2020","USD","US Dollar","0","Units",,,42285.325693,,
"JPN","Japan","B1_GE","Gross domestic product (expenditure approach)","HCPC","Per head, current prices, current PPPs","2021","2021","USD","US Dollar","0","Units",,,43001.852891,"E","Estimated value"
"USA","United States","B1_GE","Gross domestic product (expenditure approach)","HCPC","Per head, current prices, current PPPs","2015","2015","USD","US Dollar","0","Units",,,56731.074605,,
"USA","United States","B1_GE","Gross domestic product (expenditure approach)","HCPC","Per head, current prices, current PPPs","2016","2016","USD","US Dollar","0","Units",,,57846.274282,,
"USA","United States","B1_GE","Gross domestic product (expenditure approach)","HCPC","Per head, current prices, current PPPs","2017","2017","USD","US Dollar","0","Units",,,59896.756042,,
"USA","United States","B1_GE","Gross domestic product (expenditure approach)","HCPC","Per head, current prices, current PPPs","2018","2018","USD","US Dollar","0","Units",,,62783.978541,,
"USA","United States","B1_GE","Gross domestic product (expenditure approach)","HCPC","Per head, current prices, current PPPs","2019","2019","USD","US Dollar","0","Units",,,65055.785369,,
"USA","United States","B1_GE","Gross domestic product (expenditure approach)","HCPC","Per head, current prices, current PPPs","2020","2020","USD","US Dollar","0","Units",,,63285.232257,,
"USA","United States","B1_GE","Gross domestic product (expenditure approach)","HCPC","Per head, current prices, current PPPs","2021","2021","USD","US Dollar","0","Units",,,69558.470785,"E","Estimated value"
"NOR","Norway","B1_GE","Gross domestic product (expenditure approach)","HCPC","Per head, current prices, current PPPs","2015","2015","USD","US Dollar","0","Units",,,60352.716908,,
"NOR","Norway","B1_GE","Gross domestic product (expenditure approach)","HCPC","Per head, current prices, current PPPs","2016","2016","USD","US Dollar","0","Units",,,58923.240139,,
"NOR","Norway","B1_GE","Gross domestic product (expenditure approach)","HCPC","Per head, current prices, current PPPs","2017","2017","USD","US Dollar","0","Units",,,64050.366694,,
"NOR","Norway","B1_GE","Gross domestic product (expenditure approach)","HCPC","Per head, current prices, current PPPs","2018","2018","USD","US Dollar","0","Units",,,69807.225536,,
"NOR","Norway","B1_GE","Gross domestic product (expenditure approach)","HCPC","Per head, current prices, current PPPs","2019","2019","USD","US Dollar","0","Units",,,66797.863207,,
"NOR","Norway","B1_GE","Gross domestic product (expenditure approach)","HCPC","Per head, current prices, current PPPs","2020","2020","USD","US Dollar","0","Units",,,62650.379161,,
"NOR","Norway","B1_GE","Gross domestic product (expenditure approach)","HCPC","Per head, current prices, current PPPs","2021","2021","USD","US Dollar","0","Units",,,79162.871042,,
"SVN","Slovenia","B1_GE","Gross domestic product (expenditure approach)","HCPC","Per head, current prices, current PPPs","2015","2015","USD","US Dollar","0","Units",,,31631.838376,,
"SVN","Slovenia","B1_GE","Gross domestic product (expenditure approach)","HCPC","Per head, current prices, current PPPs","2016","2016","USD","US Dollar","0","Units",,,33942.76789,,
"SVN","Slovenia","B1_GE","Gross domestic product (expenditure approach)","HCPC","Per head, current prices, current PPPs","2017","2017","USD","US Dollar","0","Units",,,36517.579273,,
"SVN","Slovenia","B1_GE","Gross domestic product (expenditure approach)","HCPC","Per head, current prices, current PPPs","2018","2018","USD","US Dollar","0","Units",,,38998.007761,,
"SVN","Slovenia","B1_GE","Gross domestic product (expenditure approach)","HCPC","Per head, current prices, current PPPs","2019","2019","USD","US Dollar","0","Units",,,40658.631737,,
"SVN","Slovenia","B1_GE","Gross domestic product (expenditure approach)","HCPC","Per head, current prices, current PPPs","2020","2020","USD","US Dollar","0","Units",,,39718.051823,,
"SVN","Slovenia","B1_GE","Gross domestic product (expenditure approach)","HCPC","Per head, current prices, current PPPs","2021","2021","USD","US Dollar","0","Units",,,43605.726721,,
"ZAF","South Africa","B1_GE","Gross domestic product (expenditure approach)","HCPC","Per head, current prices, current PPPs","2015","2015","USD","US Dollar","0","Units",,,12772.251817,,
"ZAF","South Africa","B1_GE","Gross domestic product (expenditure approach)","HCPC","Per head, current prices, current PPPs","2016","2016","USD","US Dollar","0","Units",,,12827.603574,,
"ZAF","South Africa","B1_GE","Gross domestic product (expenditure approach)","HCPC","Per head, current prices, current PPPs","2017","2017","USD","US Dollar","0","Units",,,12952.21634,,
"ZAF","South Africa","B1_GE","Gross domestic product (expenditure approach)","HCPC","Per head, current prices, current PPPs","2018","2018","USD","US Dollar","0","Units",,,13191.637554,,
"ZAF","South Africa","B1_GE","Gross domestic product (expenditure approach)","HCPC","Per head, current prices, current PPPs","2019","2019","USD","US Dollar","0","Units",,,13218.720394,,
"ZAF","South Africa","B1_GE","Gross domestic product (expenditure approach)","HCPC","Per head, current prices, current PPPs","2020","2020","USD","US Dollar","0","Units",,,12293.489021,,
"NLD","Netherlands","B1_GE","Gross domestic product (expenditure approach)","HCPC","Per head, current prices, current PPPs","2015","2015","USD","US Dollar","0","Units",,,50288.352815,,
"NLD","Netherlands","B1_GE","Gross domestic product (expenditure approach)","HCPC","Per head, current prices, current PPPs","2016","2016","USD","US Dollar","0","Units",,,52289.404292,,
"NLD","Netherlands","B1_GE","Gross domestic product (expenditure approach)","HCPC","Per head, current prices, current PPPs","2017","2017","USD","US Dollar","0","Units",,,55089.58143,,
"NLD","Netherlands","B1_GE","Gross domestic product (expenditure approach)","HCPC","Per head, current prices, current PPPs","2018","2018","USD","US Dollar","0","Units",,,57825.399708,,
"NLD","Netherlands","B1_GE","Gross domestic product (expenditure approach)","HCPC","Per head, current prices, current PPPs","2019","2019","USD","US Dollar","0","Units",,,59003.864774,,
"NLD","Netherlands","B1_GE","Gross domestic product (expenditure approach)","HCPC","Per head, current prices, current PPPs","2020","2020","USD","US Dollar","0","Units",,,59001.177882,"P","Provisional value"
"NLD","Netherlands","B1_GE","Gross domestic product (expenditure approach)","HCPC","Per head, current prices, current PPPs","2021","2021","USD","US Dollar","0","Units",,,63445.083337,"P","Provisional value"
"SWE","Sweden","B1_GE","Gross domestic product (expenditure approach)","HCPC","Per head, current prices, current PPPs","2015","2015","USD","US Dollar","0","Units",,,49103.0618,,
"SWE","Sweden","B1_GE","Gross domestic product (expenditure approach)","HCPC","Per head, current prices, current PPPs","2016","2016","USD","US Dollar","0","Units",,,50430.174559,,
"SWE","Sweden","B1_GE","Gross domestic product (expenditure approach)","HCPC","Per head, current prices, current PPPs","2017","2017","USD","US Dollar","0","Units",,,51947.942867,,
"SWE","Sweden","B1_GE","Gross domestic product (expenditure approach)","HCPC","Per head, current prices, current PPPs","2018","2018","USD","US Dollar","0","Units",,,53521.635778,,
"SWE","Sweden","B1_GE","Gross domestic product (expenditure approach)","HCPC","Per head, current prices, current PPPs","2019","2019","USD","US Dollar","0","Units",,,54598.781841,,
"SWE","Sweden","B1_GE","Gross domestic product (expenditure approach)","HCPC","Per head, current prices, current PPPs","2020","2020","USD","US Dollar","0","Units",,,55631.003715,,
"SWE","Sweden","B1_GE","Gross domestic product (expenditure approach)","HCPC","Per head, current prices, current PPPs","2021","2021","USD","US Dollar","0","Units",,,60149.585635,,
"ISL","Iceland","B1_GE","Gross domestic product (expenditure approach)","HCPC","Per head, current prices, current PPPs","2015","2015","USD","US Dollar","0","Units",,,49203.294991,,
"ISL","Iceland","B1_GE","Gross domestic product (expenditure approach)","HCPC","Per head, current prices, current PPPs","2016","2016","USD","US Dollar","0","Units",,,53486.615773,,
"ISL","Iceland","B1_GE","Gross domestic product (expenditure approach)","HCPC","Per head, current prices, current PPPs","2017","2017","USD","US Dollar","0","Units",,,55638.491978,,
"ISL","Iceland","B1_GE","Gross domestic product (expenditure approach)","HCPC","Per head, current prices, current PPPs","2018","2018","USD","US Dollar","0","Units",,,57208.31151,,
"ISL","Iceland","B1_GE","Gross domestic product (expenditure approach)","HCPC","Per head, current prices, current PPPs","2019","2019","USD","US Dollar","0","Units",,,58194.829569,,
"ISL","Iceland","B1_GE","Gross domestic product (expenditure approach)","HCPC","Per head, current prices, current PPPs","2020","2020","USD","US Dollar","0","Units",,,53380.98629,,
"ISL","Iceland","B1_GE","Gross domestic product (expenditure approach)","HCPC","Per head, current prices, current PPPs","2021","2021","USD","US Dollar","0","Units",,,57614.693442,,
"TUR","Türkiye","B1_GE","Gross domestic product (expenditure approach)","HCPC","Per head, current prices, current PPPs","2015","2015","USD","US Dollar","0","Units",,,25855.912681,,
"TUR","Türkiye","B1_GE","Gross domestic product (expenditure approach)","HCPC","Per head, current prices, current PPPs","2016","2016","USD","US Dollar","0","Units",,,26695.909373,,
"TUR","Türkiye","B1_GE","Gross domestic product (expenditure approach)","HCPC","Per head, current prices, current PPPs","2017","2017","USD","US Dollar","0","Units",,,28193.061398,,
"TUR","Türkiye","B1_GE","Gross domestic product (expenditure approach)","HCPC","Per head, current prices, current PPPs","2018","2018","USD","US Dollar","0","Units",,,28281.473275,,
"TUR","Türkiye","B1_GE","Gross domestic product (expenditure approach)","HCPC","Per head, current prices, current PPPs","2019","2019","USD","US Dollar","0","Units",,,27144.223561,,
"TUR","Türkiye","B1_GE","Gross domestic product (expenditure approach)","HCPC","Per head, current prices, current PPPs","2020","2020","USD","US Dollar","0","Units",,,27547.040639,,
"TUR","Türkiye","B1_GE","Gross domestic product (expenditure approach)","HCPC","Per head, current prices, current PPPs","2021","2021","USD","US Dollar","0","Units",,,30796.759224,"P","Provisional value"
"LVA","Latvia","B1_GE","Gross domestic product (expenditure approach)","HCPC","Per head, current prices, current PPPs","2015","2015","USD","US Dollar","0","Units",,,24975.479748,,
"LVA","Latvia","B1_GE","Gross domestic product (expenditure approach)","HCPC","Per head, current prices, current PPPs","2016","2016","USD","US Dollar","0","Units",,,26724.459825,,
"LVA","Latvia","B1_GE","Gross domestic product (expenditure approach)","HCPC","Per head, current prices, current PPPs","2017","2017","USD","US Dollar","0","Units",,,28689.57466,,
"LVA","Latvia","B1_GE","Gross domestic product (expenditure approach)","HCPC","Per head, current prices, current PPPs","2018","2018","USD","US Dollar","0","Units",,,30891.884185,,
"LVA","Latvia","B1_GE","Gross domestic product (expenditure approach)","HCPC","Per head, current prices, current PPPs","2019","2019","USD","US Dollar","0","Units",,,31893.84669,,
"LVA","Latvia","B1_GE","Gross domestic product (expenditure approach)","HCPC","Per head, current prices, current PPPs","2020","2020","USD","US Dollar","0","Units",,,31418.030799,,
"LVA","Latvia","B1_GE","Gross domestic product (expenditure approach)","HCPC","Per head, current prices, current PPPs","2021","2021","USD","US Dollar","0","Units",,,34471.31179,,
"BRA","Brazil","B1_GE","Gross domestic product (expenditure approach)","HCPC","Per head, current prices, current PPPs","2015","2015","USD","US Dollar","0","Units",,,14816.290598,,
"BRA","Brazil","B1_GE","Gross domestic product (expenditure approach)","HCPC","Per head, current prices, current PPPs","2016","2016","USD","US Dollar","0","Units",,,14326.10209,,
"BRA","Brazil","B1_GE","Gross domestic product (expenditure approach)","HCPC","Per head, current prices, current PPPs","2017","2017","USD","US Dollar","0","Units",,,14596.889676,,
"BRA","Brazil","B1_GE","Gross domestic product (expenditure approach)","HCPC","Per head, current prices, current PPPs","2018","2018","USD","US Dollar","0","Units",,,15088.873591,,
"BRA","Brazil","B1_GE","Gross domestic product (expenditure approach)","HCPC","Per head, current prices, current PPPs","2019","2019","USD","US Dollar","0","Units",,,15424.038754,,
"LTU","Lithuania","B1_GE","Gross domestic product (expenditure approach)","HCPC","Per head, current prices, current PPPs","2015","2015","USD","US Dollar","0","Units",,,28834.457574,,
"LTU","Lithuania","B1_GE","Gross domestic product (expenditure approach)","HCPC","Per head, current prices, current PPPs","2016","2016","USD","US Dollar","0","Units",,,30925.151813,,
"LTU","Lithuania","B1_GE","Gross domestic product (expenditure approach)","HCPC","Per head, current prices, current PPPs","2017","2017","USD","US Dollar","0","Units",,,33761.906595,,
"LTU","Lithuania","B1_GE","Gross domestic product (expenditure approach)","HCPC","Per head, current prices, current PPPs","2018","2018","USD","US Dollar","0","Units",,,36376.197676,,
"LTU","Lithuania","B1_GE","Gross domestic product (expenditure approach)","HCPC","Per head, current prices, current PPPs","2019","2019","USD","US Dollar","0","Units",,,38540.745344,,
"LTU","Lithuania","B1_GE","Gross domestic product (expenditure approach)","HCPC","Per head, current prices, current PPPs","2020","2020","USD","US Dollar","0","Units",,,38880.543234,,
"LTU","Lithuania","B1_GE","Gross domestic product (expenditure approach)","HCPC","Per head, current prices, current PPPs","2021","2021","USD","US Dollar","0","Units",,,42550.554521,,
"SAU","Saudi Arabia","B1_GE","Gross domestic product (expenditure approach)","HCPC","Per head, current prices, current PPPs","2015","2015","USD","US Dollar","0","Units",,,49491.35095,,
"SAU","Saudi Arabia","B1_GE","Gross domestic product (expenditure approach)","HCPC","Per head, current prices, current PPPs","2016","2016","USD","US Dollar","0","Units",,,46289.737315,,
"SAU","Saudi Arabia","B1_GE","Gross domestic product (expenditure approach)","HCPC","Per head, current prices, current PPPs","2017","2017","USD","US Dollar","0","Units",,,47862.022249,,
"SAU","Saudi Arabia","B1_GE","Gross domestic product (expenditure approach)","HCPC","Per head, current prices, current PPPs","2018","2018","USD","US Dollar","0","Units",,,47379.188476,,
"SAU","Saudi Arabia","B1_GE","Gross domestic product (expenditure approach)","HCPC","Per head, current prices, current PPPs","2019","2019","USD","US Dollar","0","Units",,,48405.56175,,
"SAU","Saudi Arabia","B1_GE","Gross domestic product (expenditure approach)","HCPC","Per head, current prices, current PPPs","2020","2020","USD","US Dollar","0","Units",,,46164.048364,,
"EA19","Euro area (19 countries)","B1_GE","Gross domestic product (expenditure approach)","HCPC","Per head, current prices, current PPPs","2015","2015","USD","US Dollar","0","Units",,,41139.416807,,
"EA19","Euro area (19 countries)","B1_GE","Gross domestic product (expenditure approach)","HCPC","Per head, current prices, current PPPs","2016","2016","USD","US Dollar","0","Units",,,43630.555481,,
"EA19","Euro area (19 countries)","B1_GE","Gross domestic product (expenditure approach)","HCPC","Per head, current prices, current PPPs","2017","2017","USD","US Dollar","0","Units",,,45708.404179,,
"EA19","Euro area (19 countries)","B1_GE","Gross domestic product (expenditure approach)","HCPC","Per head, current prices, current PPPs","2018","2018","USD","US Dollar","0","Units",,,47640.113713,,
"EA19","Euro area (19 countries)","B1_GE","Gross domestic product (expenditure approach)","HCPC","Per head, current prices, current PPPs","2019","2019","USD","US Dollar","0","Units",,,48850.24792,,
"EA19","Euro area (19 countries)","B1_GE","Gross domestic product (expenditure approach)","HCPC","Per head, current prices, current PPPs","2020","2020","USD","US Dollar","0","Units",,,47163.987725,,
"EA19","Euro area (19 countries)","B1_GE","Gross domestic product (expenditure approach)","HCPC","Per head, current prices, current PPPs","2021","2021","USD","US Dollar","0","Units",,,50844.661893,,
"ARG","Argentina","B1_GE","Gross domestic product (expenditure approach)","HCPC","Per head, current prices, current PPPs","2015","2015","USD","US Dollar","0","Units",,,20105.198994,,
"ARG","Argentina","B1_GE","Gross domestic product (expenditure approach)","HCPC","Per head, current prices, current PPPs","2016","2016","USD","US Dollar","0","Units",,,20307.870053,,
"ARG","Argentina","B1_GE","Gross domestic product (expenditure approach)","HCPC","Per head, current prices, current PPPs","2017","2017","USD","US Dollar","0","Units",,,23597.117759,,
"ARG","Argentina","B1_GE","Gross domestic product (expenditure approach)","HCPC","Per head, current prices, current PPPs","2018","2018","USD","US Dollar","0","Units",,,23290.675736,,
"ARG","Argentina","B1_GE","Gross domestic product (expenditure approach)","HCPC","Per head, current prices, current PPPs","2019","2019","USD","US Dollar","0","Units",,,22997.391755,,
"CRI","Costa Rica","B1_GE","Gross domestic product (expenditure approach)","HCPC","Per head, current prices, current PPPs","2015","2015","USD","US Dollar","0","Units",,,17649.314854,,
"CRI","Costa Rica","B1_GE","Gross domestic product (expenditure approach)","HCPC","Per head, current prices, current PPPs","2016","2016","USD","US Dollar","0","Units",,,19119.336147,,
"CRI","Costa Rica","B1_GE","Gross domestic product (expenditure approach)","HCPC","Per head, current prices, current PPPs","2017","2017","USD","US Dollar","0","Units",,,20368.230268,,
"CRI","Costa Rica","B1_GE","Gross domestic product (expenditure approach)","HCPC","Per head, current prices, current PPPs","2018","2018","USD","US Dollar","0","Units",,,21312.71338,,
"CRI","Costa Rica","B1_GE","Gross domestic product (expenditure approach)","HCPC","Per head, current prices, current PPPs","2019","2019","USD","US Dollar","0","Units",,,22598.071946,,
"CRI","Costa Rica","B1_GE","Gross domestic product (expenditure approach)","HCPC","Per head, current prices, current PPPs","2020","2020","USD","US Dollar","0","Units",,,22180.99204,"E","Estimated value"
"CRI","Costa Rica","B1_GE","Gross domestic product (expenditure approach)","HCPC","Per head, current prices, current PPPs","2021","2021","USD","US Dollar","0","Units",,,23287.453499,"E","Estimated value"
"BGR","Bulgaria","B1_GE","Gross domestic product (expenditure approach)","HCPC","Per head, current prices, current PPPs","2015","2015","USD","US Dollar","0","Units",,,18391.834891,,
"BGR","Bulgaria","B1_GE","Gross domestic product (expenditure approach)","HCPC","Per head, current prices, current PPPs","2016","2016","USD","US Dollar","0","Units",,,20074.406431,,
"BGR","Bulgaria","B1_GE","Gross domestic product (expenditure approach)","HCPC","Per head, current prices, current PPPs","2017","2017","USD","US Dollar","0","Units",,,21470.001359,,
"BGR","Bulgaria","B1_GE","Gross domestic product (expenditure approach)","HCPC","Per head, current prices, current PPPs","2018","2018","USD","US Dollar","0","Units",,,23016.014654,,
"BGR","Bulgaria","B1_GE","Gross domestic product (expenditure approach)","HCPC","Per head, current prices, current PPPs","2019","2019","USD","US Dollar","0","Units",,,24497.491636,,
"BGR","Bulgaria","B1_GE","Gross domestic product (expenditure approach)","HCPC","Per head, current prices, current PPPs","2020","2020","USD","US Dollar","0","Units",,,24564.265224,,
"BGR","Bulgaria","B1_GE","Gross domestic product (expenditure approach)","HCPC","Per head, current prices, current PPPs","2021","2021","USD","US Dollar","0","Units",,,26743.19788,"P","Provisional value"
"CYP","Cyprus","B1_GE","Gross domestic product (expenditure approach)","HCPC","Per head, current prices, current PPPs","2015","2015","USD","US Dollar","0","Units",,,31815.186807,,
"CYP","Cyprus","B1_GE","Gross domestic product (expenditure approach)","HCPC","Per head, current prices, current PPPs","2016","2016","USD","US Dollar","0","Units",,,35719.166224,,
"CYP","Cyprus","B1_GE","Gross domestic product (expenditure approach)","HCPC","Per head, current prices, current PPPs","2017","2017","USD","US Dollar","0","Units",,,38288.138059,,
"CYP","Cyprus","B1_GE","Gross domestic product (expenditure approach)","HCPC","Per head, current prices, current PPPs","2018","2018","USD","US Dollar","0","Units",,,40559.350212,,
"CYP","Cyprus","B1_GE","Gross domestic product (expenditure approach)","HCPC","Per head, current prices, current PPPs","2019","2019","USD","US Dollar","0","Units",,,42338.707136,,
"CYP","Cyprus","B1_GE","Gross domestic product (expenditure approach)","HCPC","Per head, current prices, current PPPs","2020","2020","USD","US Dollar","0","Units",,,39593.316631,"P","Provisional value"
"CYP","Cyprus","B1_GE","Gross domestic product (expenditure approach)","HCPC","Per head, current prices, current PPPs","2021","2021","USD","US Dollar","0","Units",,,42388.31642,"P","Provisional value"
"ROU","Romania","B1_GE","Gross domestic product (expenditure approach)","HCPC","Per head, current prices, current PPPs","2015","2015","USD","US Dollar","0","Units",,,21598.495969,,
"ROU","Romania","B1_GE","Gross domestic product (expenditure approach)","HCPC","Per head, current prices, current PPPs","2016","2016","USD","US Dollar","0","Units",,,24266.389694,,
"ROU","Romania","B1_GE","Gross domestic product (expenditure approach)","HCPC","Per head, current prices, current PPPs","2017","2017","USD","US Dollar","0","Units",,,27136.130672,,
"ROU","Romania","B1_GE","Gross domestic product (expenditure approach)","HCPC","Per head, current prices, current PPPs","2018","2018","USD","US Dollar","0","Units",,,29338.106903,,
"ROU","Romania","B1_GE","Gross domestic product (expenditure approach)","HCPC","Per head, current prices, current PPPs","2019","2019","USD","US Dollar","0","Units",,,31860.316301,,
"ROU","Romania","B1_GE","Gross domestic product (expenditure approach)","HCPC","Per head, current prices, current PPPs","2020","2020","USD","US Dollar","0","Units",,,32182.141746,"P","Provisional value"
"ROU","Romania","B1_GE","Gross domestic product (expenditure approach)","HCPC","Per head, current prices, current PPPs","2021","2021","USD","US Dollar","0","Units",,,35254.361185,"P","Provisional value"
"MLT","Malta","B1_GE","Gross domestic product (expenditure approach)","HCPC","Per head, current prices, current PPPs","2015","2015","USD","US Dollar","0","Units",,,37430.54205,,
"MLT","Malta","B1_GE","Gross domestic product (expenditure approach)","HCPC","Per head, current prices, current PPPs","2016","2016","USD","US Dollar","0","Units",,,39678.55457,,
"MLT","Malta","B1_GE","Gross domestic product (expenditure approach)","HCPC","Per head, current prices, current PPPs","2017","2017","USD","US Dollar","0","Units",,,43513.309758,,
"MLT","Malta","B1_GE","Gross domestic product (expenditure approach)","HCPC","Per head, current prices, current PPPs","2018","2018","USD","US Dollar","0","Units",,,45512.717826,,
"MLT","Malta","B1_GE","Gross domestic product (expenditure approach)","HCPC","Per head, current prices, current PPPs","2019","2019","USD","US Dollar","0","Units",,,47344.473487,,
"MLT","Malta","B1_GE","Gross domestic product (expenditure approach)","HCPC","Per head, current prices, current PPPs","2020","2020","USD","US Dollar","0","Units",,,43197.271028,,
"MLT","Malta","B1_GE","Gross domestic product (expenditure approach)","HCPC","Per head, current prices, current PPPs","2021","2021","USD","US Dollar","0","Units",,,47386.374313,,
"HRV","Croatia","B1_GE","Gross domestic product (expenditure approach)","HCPC","Per head, current prices, current PPPs","2015","2015","USD","US Dollar","0","Units",,,23276.854884,,
"HRV","Croatia","B1_GE","Gross domestic product (expenditure approach)","HCPC","Per head, current prices, current PPPs","2016","2016","USD","US Dollar","0","Units",,,25222.547701,,
"HRV","Croatia","B1_GE","Gross domestic product (expenditure approach)","HCPC","Per head, current prices, current PPPs","2017","2017","USD","US Dollar","0","Units",,,27119.160852,,
"HRV","Croatia","B1_GE","Gross domestic product (expenditure approach)","HCPC","Per head, current prices, current PPPs","2018","2018","USD","US Dollar","0","Units",,,28856.061284,,
"HRV","Croatia","B1_GE","Gross domestic product (expenditure approach)","HCPC","Per head, current prices, current PPPs","2019","2019","USD","US Dollar","0","Units",,,30529.128409,,
"HRV","Croatia","B1_GE","Gross domestic product (expenditure approach)","HCPC","Per head, current prices, current PPPs","2020","2020","USD","US Dollar","0","Units",,,28782.607725,"P","Provisional value"
"HRV","Croatia","B1_GE","Gross domestic product (expenditure approach)","HCPC","Per head, current prices, current PPPs","2021","2021","USD","US Dollar","0","Units",,,33826.093806,"E","Estimated value"
"EU27_2020","European Union – 27 countries (from 01/02/2020)","B1_GE","Gross domestic product (expenditure approach)","HCPC","Per head, current prices, current PPPs","2015","2015","USD","US Dollar","0","Units",,,38253.986254,,
"EU27_2020","European Union – 27 countries (from 01/02/2020)","B1_GE","Gross domestic product (expenditure approach)","HCPC","Per head, current prices, current PPPs","2016","2016","USD","US Dollar","0","Units",,,40607.677457,,
"EU27_2020","European Union – 27 countries (from 01/02/2020)","B1_GE","Gross domestic product (expenditure approach)","HCPC","Per head, current prices, current PPPs","2017","2017","USD","US Dollar","0","Units",,,42704.022281,,
"EU27_2020","European Union – 27 countries (from 01/02/2020)","B1_GE","Gross domestic product (expenditure approach)","HCPC","Per head, current prices, current PPPs","2018","2018","USD","US Dollar","0","Units",,,44665.466377,,
"EU27_2020","European Union – 27 countries (from 01/02/2020)","B1_GE","Gross domestic product (expenditure approach)","HCPC","Per head, current prices, current PPPs","2019","2019","USD","US Dollar","0","Units",,,46028.657508,,
"EU27_2020","European Union – 27 countries (from 01/02/2020)","B1_GE","Gross domestic product (expenditure approach)","HCPC","Per head, current prices, current PPPs","2020","2020","USD","US Dollar","0","Units",,,44808.658466,,
"EU27_2020","European Union – 27 countries (from 01/02/2020)","B1_GE","Gross domestic product (expenditure approach)","HCPC","Per head, current prices, current PPPs","2021","2021","USD","US Dollar","0","Units",,,48446.381967,,
